{"approved": "yes", "userPoints": 44, "creditPoint": 0.2164705882352941, "ltvPoint": 0.1, "dtiPoint": 0.03116680923866553, "fedtiPoint": 0.05129084687767323}